Usuario|Fecha|Texto
fan_django|2018-01-18 05:41:26|Learn How Python Works with NoSql Database MongoDB: PyMongo  ☞ https://t.co/QdXdhRRkSu  #python #PyMongo https://t.co/smFC98dzdF
django_develop|2018-01-18 05:39:03|Learn How Python Works with NoSql Database MongoDB: PyMongo  ☞ https://t.co/LUv4BMguWJ  #python #PyMongo https://t.co/0gBuOHYHYo
Salebarn_LLC|2018-01-18 05:36:34|Accelerate the negotiation by extending #OpenSearch technologies #Solr #Lucene #NoSQL #XQuery https://t.co/eo61v42Q3F #nosql #bigdata
fan_python|2018-01-18 05:36:24|Learn How Python Works with NoSql Database MongoDB: PyMongo  ☞ https://t.co/sVjcPF4IC3  #python #PyMongo https://t.co/nVjSt74sQ5
python_online|2018-01-18 05:34:32|Learn How Python Works with NoSql Database MongoDB: PyMongo  ☞ https://t.co/gMnH6nTQjD  #python #PyMongo https://t.co/DnRoPZFX8i
django_codek|2018-01-18 05:34:12|Learn How Python Works with NoSql Database MongoDB: PyMongo  ☞ https://t.co/CgPw6IxsBI  #python #PyMongo https://t.co/90zjDemmbT
djfergusson|2018-01-18 05:32:06|RT @FairCom_Corp: That's no moon. ... Find out how much data they need to manage on the Death Star in "#BigData and the Death Star." ... ht…
pir8aye|2018-01-18 05:03:48|RT @bestopensource: Best open source no sql projects. https://t.co/QyopR4JaxQ #opensource #nosql
ChannelJuanNews|2018-01-18 04:59:55|RT @arangodb: ArangoJS 6.0.0 released:  Load Balancing, Automated Failover and completely written in #TypeScript  https://t.co/shPU0HcG79 #…
bestopensource|2018-01-18 04:56:30|Best open source no sql projects. https://t.co/QyopR4JaxQ #opensource #nosql
brianmatic|2018-01-18 04:34:23|NoSQL databases are so interesting. They make you think about storing data in ways that make sense. The problem for… https://t.co/my1lZ9Sy32
Grigortw|2018-01-18 04:27:09|RT @1tylermitchell: Learn how to use #AWS Lambda and API Gateway with #Nodejs and #Couchbase #NoSQL: https://t.co/61nUN5ZJD4
1tylermitchell|2018-01-18 04:25:01|Learn how to use #AWS Lambda and API Gateway with #Nodejs and #Couchbase #NoSQL: https://t.co/61nUN5ZJD4
nabilm_dev|2018-01-18 04:06:51|RT @rajagp: Lean how you can do Full Text Search (FTS) on #JSON documents persisted on your #mobile devices with #couchbase mobile 2.0. #no…
darguevara|2018-01-18 03:47:40|7 Steps to Understanding NoSQL Databases: https://t.co/8ZbGUBrtt3
yvannboucher|2018-01-18 03:40:23|RT @arangodb: ArangoJS 6.0.0 released:  Load Balancing, Automated Failover and completely written in #TypeScript  https://t.co/shPU0HcG79 #…
triniwiz|2018-01-18 03:29:37|RT @arangodb: ArangoJS 6.0.0 released:  Load Balancing, Automated Failover and completely written in #TypeScript  https://t.co/shPU0HcG79 #…
rururu3|2018-01-18 03:22:01|RT @arangodb: ArangoJS 6.0.0 released:  Load Balancing, Automated Failover and completely written in #TypeScript  https://t.co/shPU0HcG79 #…
kenwalger|2018-01-18 03:10:09|Schema Design Considerations in MongoDB https://t.co/JkVs7pEwhd
SylviaLobo|2018-01-18 03:09:12|RT @arangodb: ArangoJS 6.0.0 released:  Load Balancing, Automated Failover and completely written in #TypeScript  https://t.co/shPU0HcG79 #…
arundubey|2018-01-18 03:03:17|RT arangodb "ArangoJS 6.0.0 released:  Load Balancing, Automated Failover and completely written in #TypeScript… https://t.co/Fk9crka2Dz
arangodb|2018-01-18 03:03:04|ArangoJS 6.0.0 released:  Load Balancing, Automated Failover and completely written in #TypeScript… https://t.co/1ombgeVa0S
nabilm_dev|2018-01-18 03:00:03|RT @badc0da: "Use AWS Lambda and API Gateway With Node js and Couchbase NoSQL" https://t.co/ZeJMumiKwc
strikeitup|2018-01-18 02:40:22|@_bitmap should use more buzzwords, like agile or noSQL
demasterlikas|2018-01-18 02:34:43|RT @CytByk: Aerospike 4.0 =  Aerospike's High Performance + Strong Consistency https://t.co/MmzbCueP0n  #NoSQL @aerospikedb https://t.co/vU…
RedisLabs|2018-01-18 02:25:04|A great opportunity to join Redis Labs Sales Team! Help us grow while you grow your career! https://t.co/YFZrKwh4G5… https://t.co/IUSxK3vGOS
bamitav|2018-01-18 02:06:30|RT @bamitav: "Big Data Is Overrated Compared To Human Ingenuity" https://t.co/AzataKJHE5 #BigData #Analytics #DataAnalytics #DataScience #T…
bamitav|2018-01-18 02:06:21|RT @bamitav: 5 Data Driven Tech Trends... #BigData #Security #RT #BigData #Analytics #DataAnalytics #DataScience #Technews #NoSQL #RT #info…
CouchbaseDev|2018-01-18 02:02:08|Couchbase for Oracle Developers – Part 1 : Overview https://t.co/AFCM9KTuLM #couchbase #nosql https://t.co/y04fssVxmo
CouchbaseDev|2018-01-18 02:02:03|Controlling Hierarchical Logging with SLF4J and Logback https://t.co/aikKo1O5qk #couchbase #nosql
techjunkiejh|2018-01-18 01:50:02|React-Apollo and Recompose Live: Part 1 – EdgeCoders https://t.co/H9PoYgMLqc #mongodb #NoSQL https://t.co/cKc7HhTozR
simnalamburt|2018-01-18 01:41:38|RT @OpenCredo: New blog post just published by @davib0 "#Cockroachdb: First Impressions" https://t.co/ehqB7LXquN @cockroachdb #Database #Bi…
careersingrowth|2018-01-18 01:39:56|RT @WeAreAdam: Using MySQL with Node.js and the mysql JavaScript Client - NoSQL databases are all the rage these days and probably the pref…
MooseContrarian|2018-01-18 01:29:59|@selobound Blockchain will be useful as a distributed, internet of services database. But NoSQL works just fine for a self-contained system.
analoggreen|2018-01-18 01:27:39|@xlayers Hell-o? I'm NoSQL
rururu3|2018-01-18 01:21:52|RT @arangodb: Read-Only User Management in #ArangoDB Learn more in this short #tutorial -&gt; https://t.co/kwo9UlfrNk  #nosql #multimodel #dat…
UKDigitalJobsUK|2018-01-18 00:43:38|RT @WeAreAdam: Using MySQL with Node.js and the mysql JavaScript Client - NoSQL databases are all the rage these days and probably the pref…
domhalps|2018-01-18 00:37:44|RT @DBakerIT: “A study finds that 70% of all #analytics #data now comes from non-relational sources. What does that mean for you?” | @TechJ…
OwlbertTheDev|2018-01-18 00:31:43|Using MySQL with Node.js and the mysql JavaScript Client - NoSQL databases are all the rage these days and probably… https://t.co/gGBJ5uKQ11
bamitav|2018-01-18 00:28:56|RT @bamitav: "The short trip from #analytics to #artificialintelligence - CUInsight" https://t.co/xtqZfSIGXV #AI #ML #DL #rt #Technology #t…
FrelanceWkGuide|2018-01-18 00:18:56|#HatTip @Sitepointdot.com Using MySQL with Node.js and the mysql JavaScript Client - NoSQL databases are all the ra… https://t.co/P2wkSwEZ0W
WeAreAdam|2018-01-18 00:18:41|Using MySQL with Node.js and the mysql JavaScript Client - NoSQL databases are all the rage these days and probably… https://t.co/JmoMVwgPQX
JonLenglain|2018-01-18 00:15:24|NoSQL databases are all the rage these days and probably the preferred back-end for Node.js applications. But you s… https://t.co/SaXRGiBvQU
EBH_2016|2018-01-18 00:01:56|Using MySQL with Node.js and the mysql JavaScript Client - NoSQL databases are all the rage these days and probably… https://t.co/LKEzfEpjoC
henson_tm|2018-01-17 23:58:01|How to create a DynamoDB table https://t.co/jQdkjMiTtH #DataEngineer #NoSQL
donisettibr|2018-01-17 23:55:56|Using MongoDB with Web API and https://t.co/k7DrYAALQ1 Core | DotNetCurry https://t.co/lyvo1xR0hk
sql_unicorn|2018-01-17 23:52:47|I bet a lot of those BigData/noSQL startups from a few years back are now wishing they’d spent some money on a bett… https://t.co/l6pCoj9bU6
SalvatoreTrim10|2018-01-17 23:51:47|RT @DBakerIT: “A study finds that 70% of all #analytics #data now comes from non-relational sources. What does that mean for you?” | @TechJ…
DBakerIT|2018-01-17 23:50:02|“A study finds that 70% of all #analytics #data now comes from non-relational sources. What does that mean for you?… https://t.co/BSHql1K0qb
RedisLabs|2018-01-17 23:35:09|Check out the video a quick walk-through of setting up Redis Enterprise in Pivotal Cloud Foundry.… https://t.co/qEOlJJ1cs8
KervinMarketing|2018-01-17 23:32:51|Using MySQL with Node.js and the mysql JavaScript Client: NoSQL databases are all the rage these days .. #webdev https://t.co/AmbIWDnXrw
jmattbuck|2018-01-17 23:23:40|RT @CouchbaseDev: Introducing Full Text Search (FTS) in Couchbase Mobile 2.0 https://t.co/dFn57x8PFK #couchbase #nosql https://t.co/g91yFdy…
NicoleLagerloef|2018-01-17 23:20:04|"#AWS Publishes Quick Start for Using #Couchbase #NoSQL database in the cloud" via @ADTmag: https://t.co/bylvCmVDOi
RedisConf|2018-01-17 23:00:00|Are you keeping tabs on your microservice ecosystem with #Redis PubSub? If not, come to #RedisConf18, April 24-26,… https://t.co/5ItUweWGho
T4G|2018-01-17 22:56:01|Our own #DarrylDutton shares his insights on the journey to @hadoop and on saying goodbye to the old idea of… https://t.co/G5XQJFPe5g
hasssaaannn|2018-01-17 22:55:31|RT @warchav: Compliance requirement to audit all the CRUD operations on your data? For cloud #NoSQL services, only #CosmosDb.
hasssaaannn|2018-01-17 22:41:59|RT @5h15h: Webinar:  #CosmosDB the globally distributed, multi-model database for any scale https://t.co/XdPCoBdODw #NoSQL https://t.co/2Ih…
ClouDatAI|2018-01-17 22:41:48|tigerfish4 : From Robot Design Automation to Life Design Automation for Immortality &amp; Singularity -… https://t.co/99qbVFsqsY
paradoxargument|2018-01-17 22:36:54|Hey @yosriady really enjoying your #serverless book. I believe #azure has a NoSQL database called #CosmosDB. Maybe… https://t.co/UDQUeA4SmW
NoSQLDigest|2018-01-17 22:24:22|RT @David_Wormald: @MapR Data Technologies - The 'Gloves Off' Series. 1 of 4 - Storage (#Storage, #NoSQL, #Hadoop, #DataLake, #DataSecurity…
tokvbok|2018-01-17 22:15:55|RT @guerrero_andr3s: PHP, Ruby, Ruby on rails, Python, Django C,C++, angular, React, React Native, polymer,Nodejs,mean,mysql,mongo,moose,re…
guerrero_andr3s|2018-01-17 22:12:10|PHP, Ruby, Ruby on rails, Python, Django C,C++, angular, React, React Native, polymer,Nodejs,mean,mysql,mongo,moose… https://t.co/kjjX50uBs8
your_pramod|2018-01-17 22:05:08|RT @nosqlgal: Register for this webinar on 1/31: "Full Text Search: The Key to Better Natural Language Queries for #NoSQL in #Nodejs" https…
stockholmux|2018-01-17 22:04:37|The NoSQL is a slow burn. https://t.co/MVXiTZc6R2
greenharry4191|2018-01-17 22:04:28|RT webcodegeeks: Guide to #NoSQL for Software Developers https://t.co/5VXvW97Dkv
AdilMishra1|2018-01-17 22:00:55|RT webcodegeeks: Guide to #NoSQL for Software Developers https://t.co/1BdJ7ZRkrO
NoSQLDigest|2018-01-17 22:00:40|RT @nuxeo: “The ECM Wizard” - "Nuxeo : Documentum for NoSQL" - "The best content management tool" - Read all of our reviews on @G2Crowd  ht…
cryptobserver24|2018-01-17 22:00:35|RT @bigdataconf: 7 Practical Ways How To Make Money Out Of #Bitcoin Indirectly https://t.co/niGKoE50Tn #DataScience #Machinelearning #Artif…
NoSQLDigest|2018-01-17 22:00:24|RT @pitechindore: SQL and NoSQL Database Differences Explained | @scoopit https://t.co/tqHpI4OLVH
webcodegeeks|2018-01-17 22:00:23|Guide to #NoSQL for Software Developers https://t.co/LHukbDbgRo
NoSQLDigest|2018-01-17 22:00:14|RT @yannguernion: An Introduction To Azure Data Lake  | @DZone #BigData #Hadoop #itrtg #Analytics #BI #NoSQL #Azure #Cloud https://t.co/63H…
NoSQLDigest|2018-01-17 22:00:00|RT @Juliefurt: #MarkLogic and #Tableau – Free @MarkLogic #NoSQL #database tutorial https://t.co/IsetnBtZpC https://t.co/26Lswe86gp
NoSQLDigest|2018-01-17 21:59:49|RT @datatons: New post in our blog!! written by Ivan Alejandro https://t.co/SCeyLgbPo1  https://t.co/efnRopQKXn … Very interesting! Choose…
NoSQLDigest|2018-01-17 21:59:35|RT @mgroves: From @nraboy: Full Text Search: The Key to Better Natural Language Queries for #NoSQL in #Nodejs https://t.co/MVey11roTN
NoSQLDigest|2018-01-17 21:59:22|RT @Mike_Fal: @GFritchey Ugh, ultimately using these three paragraphs as a build up to "Thank God for NoSQL" just makes me feel like the au…
NoSQLDigest|2018-01-17 21:59:12|RT @w3af: @psiinon @ethicalhack3r @zaproxy Some / most (?) web sockets serialized JSON data. A good start would be to active scan each valu…
NoSQLDigest|2018-01-17 21:59:01|RT @existdb: There will be an eXist-db Community Meetup at XML Prague on Day 1 - https://t.co/PgyKE1gTrN If you would like to present a tal…
NoSQLDigest|2018-01-17 21:58:46|RT @bamitav: "Big Data Is Overrated Compared To Human Ingenuity" https://t.co/AzataKJHE5 #BigData #Analytics #DataAnalytics #DataScience #T…
NoSQLDigest|2018-01-17 21:58:31|RT @GFritchey: @Mike_Fal Yeah, cause NoSQL = NoProblems and NoSQL = NoDR and NoSQL = NoMaintenance... etc.  It's the worst kind of backward…
NoSQLDigest|2018-01-17 21:58:15|RT @_organicit: @Mike_Fal @SQLHammer @GFritchey 3 paragraphs of DBA bashing, then "We don't need him we have NoSQL and the cloud". Develope…
NoSQLDigest|2018-01-17 21:58:03|RT @yannguernion: An Introduction To Big Data By @JGlesner | @BigDataExpo #BigData #itrtg #NoSQL #Analytics #Hadoop #BI https://t.co/TuwtNI…
NoSQLDigest|2018-01-17 21:57:47|RT @OwlbertTheDev: A great fullstack javascript course using @marklogic #nosql #javascript #nodejs #angular5 #es2015  https://t.co/dIcaCJso…
